epoch,train_loss,train_acc,val_loss,val_acc,val_macro_f1,lr,epoch_time_seconds
1,0.2842,0.8929,0.1306,0.9533,0.9525,0.0001,62.64
2,0.099,0.9648,0.0643,0.979,0.9787,0.0001,62.0
3,0.0582,0.9815,0.069,0.9767,0.9759,0.0001,67.99
4,0.053,0.9829,0.0625,0.9813,0.9809,0.0001,64.79
5,0.0269,0.9916,0.0826,0.9767,0.9763,0.0001,71.35
6,0.0258,0.9909,0.077,0.9778,0.9769,0.0001,64.41
7,0.0209,0.9936,0.0436,0.9883,0.9879,0.0001,58.67
8,0.0247,0.9922,0.0734,0.9732,0.9718,0.0001,49.21
9,0.0231,0.9916,0.0768,0.9837,0.9835,0.0001,59.89
10,0.012,0.9963,0.0484,0.9895,0.9893,0.0001,91.63
11,0.0162,0.9949,0.0647,0.9848,0.9845,0.0001,84.49
12,0.0148,0.9949,0.0556,0.9895,0.9895,0.0001,69.39
13,0.0199,0.9932,0.0904,0.9767,0.9765,0.0001,65.75
14,0.0118,0.9963,0.0713,0.9825,0.9826,0.0001,77.67
