epoch,train_loss,train_acc,val_loss,val_acc,val_macro_f1,lr
1,0.7415,0.7277,0.5261,0.8098,0.7937,0.001
2,0.4788,0.8381,0.4248,0.8541,0.847,0.001
3,0.42,0.8521,0.3948,0.8763,0.8732,0.001
4,0.3785,0.8694,0.3619,0.8821,0.8804,0.001
5,0.3609,0.8731,0.3445,0.8821,0.8793,0.001
6,0.3435,0.8758,0.3222,0.8751,0.8711,0.001
7,0.3309,0.8805,0.3352,0.8658,0.8598,0.001
8,0.326,0.8818,0.3094,0.8915,0.8879,0.001
9,0.3144,0.8871,0.2907,0.888,0.8845,0.001
10,0.3069,0.8871,0.2831,0.8985,0.8957,0.001
11,0.298,0.8956,0.2908,0.874,0.8681,0.001
12,0.2955,0.8947,0.2715,0.895,0.8911,0.001
13,0.2841,0.8995,0.2659,0.902,0.8984,0.001
14,0.2845,0.902,0.2706,0.9067,0.9042,0.001
15,0.2748,0.9046,0.2658,0.9032,0.8997,0.001
16,0.2807,0.9003,0.2652,0.8926,0.8887,0.001
17,0.2774,0.8991,0.2549,0.9055,0.9028,0.001
18,0.264,0.9065,0.2713,0.902,0.8986,0.001
19,0.2562,0.9081,0.2591,0.8915,0.8872,0.001
20,0.2628,0.9048,0.265,0.9078,0.9044,0.001
21,0.2578,0.9096,0.2606,0.9043,0.8994,0.001
22,0.2569,0.9048,0.2425,0.9113,0.9078,0.001
23,0.251,0.9116,0.2388,0.9113,0.9085,0.001
24,0.2554,0.9077,0.2745,0.8961,0.8897,0.001
25,0.2493,0.9098,0.247,0.909,0.9064,0.001
